{
  "openapi": "3.0.3",
  "info": {
    "title": "Social → Google Calendar API",
    "version": "0.1.0",
    "description": "OpenAPI spec for a service that parses social posts (Instagram, X, Facebook, LinkedIn, TikTok) into calendar events and inserts them into Google Calendar on behalf of users."
  },
  "servers": [
    {
      "url": "https://api.example.com",
      "description": "Production server"
    },
    {
      "url": "http://localhost:4000",
      "description": "Local development"
    }
  ],
  "paths": {
    "/health": {
      "get": {
        "summary": "Health check",
        "responses": {
          "200": {
            "description": "OK",
            "content": {
              "application/json": {
                "example": {
                  "status": "ok"
                }
              }
            }
          }
        }
      }
    },
    "/auth/google": {
      "get": {
        "summary": "Begin Google OAuth flow",
        "description": "Redirects user to Google OAuth consent screen. The implementation should return a 302 redirect to Google's OAuth endpoint.",
        "responses": {
          "302": {
            "description": "Redirect to Google OAuth"
          }
        }
      }
    },
    "/auth/google/callback": {
      "get": {
        "summary": "OAuth callback for Google",
        "description": "Callback endpoint Google redirects to after user consents. Exchanges code for tokens and returns a session JWT or link to frontend.",
        "parameters": [
          {
            "name": "code",
            "in": "query",
            "schema": {
              "type": "string"
            },
            "required": true
          },
          {
            "name": "state",
            "in": "query",
            "schema": {
              "type": "string"
            },
            "required": false
          }
        ],
        "responses": {
          "200": {
            "description": "Session established",
            "content": {
              "application/json": {
                "schema": {
                  "$ref": "#/components/schemas/AuthResponse"
                }
              }
            }
          },
          "400": {
            "description": "Bad Request",
            "content": {
              "application/json": {
                "schema": {
                  "$ref": "#/components/schemas/Error"
                }
              }
            }
          }
        }
      }
    },
    "/connect/{platform}": {
      "post": {
        "summary": "Connect a social platform account",
        "description": "Initiate or register credentials for a social platform (e.g., X, instagram, facebook, linkedin, tiktok). Typically returns a redirect URL or instructions.",
        "security": [
          {
            "bearerAuth": []
          }
        ],
        "parameters": [
          {
            "name": "platform",
            "in": "path",
            "required": true,
            "schema": {
              "type": "string",
              "enum": [
                "instagram",
                "x",
                "facebook",
                "linkedin",
                "tiktok"
              ]
            }
          }
        ],
        "requestBody": {
          "content": {
            "application/json": {
              "schema": {
                "type": "object",
                "properties": {
                  "connection_type": {
                    "type": "string",
                    "description": "oauth | api_key | manual_token"
                  },
                  "return_url": {
                    "type": "string",
                    "format": "uri"
                  }
                }
              }
            }
          }
        },
        "responses": {
          "200": {
            "description": "Connection started",
            "content": {
              "application/json": {
                "schema": {
                  "type": "object",
                  "properties": {
                    "redirect_url": {
                      "type": "string",
                      "format": "uri"
                    },
                    "instructions": {
                      "type": "string"
                    }
                  }
                }
              }
            }
          },
          "401": {
            "description": "Unauthorized",
            "content": {
              "application/json": {
                "schema": {
                  "$ref": "#/components/schemas/Error"
                }
              }
            }
          }
        }
      }
    },
    "/webhook/{platform}": {
      "post": {
        "summary": "Platform webhook receiver",
        "description": "Endpoint to receive webhook callbacks from connected social platforms. Validates signatures and enqueues parsing jobs.",
        "parameters": [
          {
            "name": "platform",
            "in": "path",
            "required": true,
            "schema": {
              "type": "string"
            }
          }
        ],
        "requestBody": {
          "required": true,
          "content": {
            "application/json": {
              "schema": {
                "$ref": "#/components/schemas/SocialPost"
              }
            }
          }
        },
        "responses": {
          "202": {
            "description": "Accepted for processing"
          },
          "400": {
            "description": "Bad Request",
            "content": {
              "application/json": {
                "schema": {
                  "$ref": "#/components/schemas/Error"
                }
              }
            }
          }
        }
      }
    },
    "/parse": {
      "post": {
        "summary": "Parse social post into event candidate",
        "security": [
          {
            "bearerAuth": []
          }
        ],
        "requestBody": {
          "required": true,
          "content": {
            "application/json": {
              "schema": {
                "$ref": "#/components/schemas/SocialPost"
              }
            }
          }
        },
        "responses": {
          "200": {
            "description": "Parsed event candidate",
            "content": {
              "application/json": {
                "schema": {
                  "$ref": "#/components/schemas/ParsedEvent"
                },
                "examples": {
                  "high_confidence": {
                    "summary": "High confidence parse",
                    "value": {
                      "title": "UX Workshop",
                      "start": "2025-12-12T18:00:00+03:00",
                      "end": "2025-12-12T20:00:00+03:00",
                      "timezone": "Europe/Istanbul",
                      "location": "Online - Zoom",
                      "description": "Kayıt: bit.ly/ux",
                      "confidence": 0.92,
                      "parsing_steps": [
                        "og:description",
                        "caption_regex",
                        "dateparser"
                      ],
                      "user_action_required": false
                    }
                  }
                }
              }
            }
          },
          "422": {
            "description": "Unprocessable Entity - could not parse",
            "content": {
              "application/json": {
                "schema": {
                  "$ref": "#/components/schemas/Error"
                }
              }
            }
          }
        }
      }
    },
    "/events/upsert": {
      "post": {
        "summary": "Create or update event in user's Google Calendar",
        "security": [
          {
            "bearerAuth": []
          }
        ],
        "requestBody": {
          "required": true,
          "content": {
            "application/json": {
              "schema": {
                "$ref": "#/components/schemas/EventUpsertRequest"
              }
            }
          }
        },
        "responses": {
          "201": {
            "description": "Event created",
            "content": {
              "application/json": {
                "schema": {
                  "$ref": "#/components/schemas/CalendarEventResponse"
                }
              }
            }
          },
          "202": {
            "description": "Queued for user confirmation",
            "content": {
              "application/json": {
                "schema": {
                  "$ref": "#/components/schemas/QueuedResponse"
                }
              }
            }
          },
          "400": {
            "description": "Bad Request",
            "content": {
              "application/json": {
                "schema": {
                  "$ref": "#/components/schemas/Error"
                }
              }
            }
          },
          "401": {
            "description": "Unauthorized",
            "content": {
              "application/json": {
                "schema": {
                  "$ref": "#/components/schemas/Error"
                }
              }
            }
          }
        }
      }
    },
    "/events": {
      "get": {
        "summary": "List ingested events for user",
        "security": [
          {
            "bearerAuth": []
          }
        ],
        "parameters": [
          {
            "name": "limit",
            "in": "query",
            "schema": {
              "type": "integer",
              "default": 20
            }
          },
          {
            "name": "offset",
            "in": "query",
            "schema": {
              "type": "integer",
              "default": 0
            }
          }
        ],
        "responses": {
          "200": {
            "description": "Event list",
            "content": {
              "application/json": {
                "schema": {
                  "type": "object",
                  "properties": {
                    "total": {
                      "type": "integer"
                    },
                    "items": {
                      "type": "array",
                      "items": {
                        "$ref": "#/components/schemas/StoredEvent"
                      }
                    }
                  }
                }
              }
            }
          }
        }
      }
    },
    "/events/{id}": {
      "get": {
        "summary": "Get stored event by id",
        "security": [
          {
            "bearerAuth": []
          }
        ],
        "parameters": [
          {
            "name": "id",
            "in": "path",
            "required": true,
            "schema": {
              "type": "string"
            }
          }
        ],
        "responses": {
          "200": {
            "description": "Event",
            "content": {
              "application/json": {
                "schema": {
                  "$ref": "#/components/schemas/StoredEvent"
                }
              }
            }
          },
          "404": {
            "description": "Not found",
            "content": {
              "application/json": {
                "schema": {
                  "$ref": "#/components/schemas/Error"
                }
              }
            }
          }
        }
      },
      "delete": {
        "summary": "Delete stored event",
        "security": [
          {
            "bearerAuth": []
          }
        ],
        "parameters": [
          {
            "name": "id",
            "in": "path",
            "required": true,
            "schema": {
              "type": "string"
            }
          }
        ],
        "responses": {
          "204": {
            "description": "Deleted"
          },
          "401": {
            "description": "Unauthorized"
          },
          "404": {
            "description": "Not found",
            "content": {
              "application/json": {
                "schema": {
                  "$ref": "#/components/schemas/Error"
                }
              }
            }
          }
        }
      }
    },
    "/users/me": {
      "get": {
        "summary": "Get current user info",
        "security": [
          {
            "bearerAuth": []
          }
        ],
        "responses": {
          "200": {
            "description": "User object",
            "content": {
              "application/json": {
                "schema": {
                  "$ref": "#/components/schemas/User"
                }
              }
            }
          }
        }
      }
    }
  },
  "components": {
    "securitySchemes": {
      "bearerAuth": {
        "type": "http",
        "scheme": "bearer",
        "bearerFormat": "JWT"
      }
    },
    "schemas": {
      "Error": {
        "type": "object",
        "properties": {
          "code": {
            "type": "integer"
          },
          "message": {
            "type": "string"
          },
          "details": {
            "type": "object"
          }
        }
      },
      "AuthResponse": {
        "type": "object",
        "properties": {
          "token": {
            "type": "string",
            "description": "JWT session token"
          },
          "expires_in": {
            "type": "integer"
          }
        }
      },
      "SocialPost": {
        "type": "object",
        "required": [
          "source",
          "url",
          "text",
          "created_at"
        ],
        "properties": {
          "source": {
            "type": "string",
            "description": "instagram | x | facebook | linkedin | tiktok"
          },
          "url": {
            "type": "string",
            "format": "uri"
          },
          "post_id": {
            "type": "string"
          },
          "text": {
            "type": "string"
          },
          "og_meta": {
            "type": "object",
            "additionalProperties": {
              "type": "string"
            }
          },
          "images": {
            "type": "array",
            "items": {
              "type": "string",
              "format": "uri"
            }
          },
          "created_at": {
            "type": "string",
            "format": "date-time"
          },
          "author": {
            "type": "object",
            "properties": {
              "id": {
                "type": "string"
              },
              "name": {
                "type": "string"
              },
              "profile_url": {
                "type": "string",
                "format": "uri"
              }
            }
          }
        }
      },
      "ParsedEvent": {
        "type": "object",
        "properties": {
          "title": {
            "type": "string"
          },
          "start": {
            "type": "string",
            "format": "date-time"
          },
          "end": {
            "type": "string",
            "format": "date-time"
          },
          "timezone": {
            "type": "string"
          },
          "location": {
            "type": "string"
          },
          "description": {
            "type": "string"
          },
          "confidence": {
            "type": "number",
            "format": "float"
          },
          "parsing_steps": {
            "type": "array",
            "items": {
              "type": "string"
            }
          },
          "user_action_required": {
            "type": "boolean"
          }
        }
      },
      "EventUpsertRequest": {
        "type": "object",
        "required": [
          "title",
          "start",
          "timezone"
        ],
        "properties": {
          "source": {
            "type": "string"
          },
          "source_post_id": {
            "type": "string"
          },
          "title": {
            "type": "string"
          },
          "start": {
            "type": "string",
            "format": "date-time"
          },
          "end": {
            "type": "string",
            "format": "date-time"
          },
          "timezone": {
            "type": "string"
          },
          "location": {
            "type": "string"
          },
          "description": {
            "type": "string"
          },
          "reminders": {
            "type": "array",
            "items": {
              "type": "object",
              "properties": {
                "method": {
                  "type": "string"
                },
                "minutes": {
                  "type": "integer"
                }
              }
            }
          },
          "force": {
            "type": "boolean",
            "description": "If true, bypass confidence threshold and insert"
          }
        }
      },
      "CalendarEventResponse": {
        "type": "object",
        "properties": {
          "calendar_event_id": {
            "type": "string"
          },
          "html_link": {
            "type": "string",
            "format": "uri"
          },
          "status": {
            "type": "string"
          }
        }
      },
      "QueuedResponse": {
        "type": "object",
        "properties": {
          "queue_id": {
            "type": "string"
          },
          "message": {
            "type": "string"
          }
        }
      },
      "StoredEvent": {
        "type": "object",
        "properties": {
          "id": {
            "type": "string"
          },
          "source": {
            "type": "string"
          },
          "source_post_id": {
            "type": "string"
          },
          "title": {
            "type": "string"
          },
          "start": {
            "type": "string",
            "format": "date-time"
          },
          "end": {
            "type": "string",
            "format": "date-time"
          },
          "timezone": {
            "type": "string"
          },
          "location": {
            "type": "string"
          },
          "description": {
            "type": "string"
          },
          "created_at": {
            "type": "string",
            "format": "date-time"
          }
        }
      },
      "User": {
        "type": "object",
        "properties": {
          "id": {
            "type": "string"
          },
          "email": {
            "type": "string",
            "format": "email"
          },
          "name": {
            "type": "string"
          },
          "connected_platforms": {
            "type": "array",
            "items": {
              "type": "string"
            }
          }
        }
      }
    }
  }
}